Draw Date,1,2,3,4,5,Mega Ball,Megaplier
"Fri, Oct 19, 2018",65,53,23,15,70,7,2X
"Tue, Oct 16, 2018",69,45,61,3,49,9,5X
"Fri, Oct 12, 2018",70,24,46,4,61,7,3X
"Tue, Oct 09, 2018",54,22,39,20,60,18,3X
"Fri, Oct 05, 2018",41,32,27,69,28,12,2X
"Tue, Oct 02, 2018",2,29,34,31,22,1,3X
"Fri, Sep 28, 2018",39,56,45,52,59,15,3X
"Tue, Sep 25, 2018",48,32,8,61,16,12,2X
"Fri, Sep 21, 2018",11,52,64,2,1,9,4X
"Tue, Sep 18, 2018",43,32,31,63,68,17,2X
"Fri, Sep 14, 2018",40,66,23,30,43,13,4X
"Tue, Sep 11, 2018",62,51,15,30,67,19,2X
"Fri, Sep 07, 2018",8,68,10,54,41,10,2X
"Tue, Sep 04, 2018",2,25,44,35,7,3,3X
"Fri, Aug 31, 2018",7,18,45,32,29,17,3X
"Tue, Aug 28, 2018",33,34,20,3,41,20,3X
"Fri, Aug 24, 2018",6,1,18,13,49,8,2X
"Tue, Aug 21, 2018",57,38,19,14,16,11,3X
"Fri, Aug 17, 2018",47,32,1,56,31,3,2X
"Tue, Aug 14, 2018",44,26,11,45,46,11,2X
"Fri, Aug 10, 2018",3,42,22,12,1,6,5X
"Tue, Aug 07, 2018",13,21,62,2,15,2,5X
"Fri, Aug 03, 2018",30,60,28,54,9,2,2X
"Tue, Jul 31, 2018",35,64,15,69,12,9,2X
"Fri, Jul 27, 2018",49,1,63,40,32,20,3X
"Tue, Jul 24, 2018",19,2,4,1,29,20,3X
"Fri, Jul 20, 2018",44,14,30,62,1,1,2X
"Tue, Jul 17, 2018",61,40,66,67,41,12,5X
"Fri, Jul 13, 2018",39,22,68,21,59,2,2X
"Tue, Jul 10, 2018",28,56,70,1,17,14,3X
"Fri, Jul 06, 2018",56,50,46,2,10,16,3X
"Tue, Jul 03, 2018",68,13,45,35,49,23,2X
"Fri, Jun 29, 2018",68,49,32,2,47,23,4X
"Tue, Jun 26, 2018",39,25,60,29,17,19,2X
"Fri, Jun 22, 2018",44,11,6,2,27,20,2X
"Tue, Jun 19, 2018",13,28,11,70,65,14,3X
"Fri, Jun 15, 2018",37,51,11,1,47,6,2X
"Tue, Jun 12, 2018",70,3,5,1,8,3,2X
"Fri, Jun 08, 2018",33,56,30,14,44,13,2X
"Tue, Jun 05, 2018",48,52,33,41,22,4,2X
"Fri, Jun 01, 2018",24,52,62,5,66,17,3X
"Tue, May 29, 2018",58,2,67,11,55,2,3X
"Fri, May 25, 2018",68,64,51,11,14,25,4X
"Tue, May 22, 2018",36,16,21,17,48,9,3X
"Fri, May 18, 2018",53,9,26,64,66,11,2X
"Tue, May 15, 2018",44,49,21,61,34,21,2X
"Fri, May 11, 2018",38,14,40,70,53,22,3X
"Tue, May 08, 2018",64,67,39,8,15,13,2X
"Fri, May 04, 2018",10,4,12,18,5,21,4X
"Tue, May 01, 2018",55,70,2,20,7,1,4X
"Fri, Apr 27, 2018",38,2,63,66,29,11,2X
"Tue, Apr 24, 2018",48,32,3,19,31,10,3X
"Fri, Apr 20, 2018",32,45,1,18,15,4,2X
"Tue, Apr 17, 2018",47,44,34,65,12,22,4X
"Fri, Apr 13, 2018",8,9,42,32,59,10,4X
"Tue, Apr 10, 2018",43,31,5,13,53,20,2X
"Fri, Apr 06, 2018",33,51,67,16,54,20,4X
"Tue, Apr 03, 2018",39,4,29,62,42,14,2X
"Fri, Mar 30, 2018",59,46,28,11,31,1,3X
"Tue, Mar 27, 2018",25,56,7,43,59,13,3X
"Fri, Mar 23, 2018",59,53,23,4,8,17,3X
"Tue, Mar 20, 2018",14,38,51,70,64,9,3X
"Fri, Mar 16, 2018",26,52,33,1,13,11,3X
"Tue, Mar 13, 2018",6,30,61,60,58,17,5X
"Fri, Mar 09, 2018",18,46,17,66,7,22,4X
"Tue, Mar 06, 2018",1,4,39,35,26,22,5X
"Fri, Mar 02, 2018",60,64,28,24,42,8,4X
"Tue, Feb 27, 2018",10,38,17,21,43,23,3X
"Fri, Feb 23, 2018",13,58,11,19,7,9,4X
"Tue, Feb 20, 2018",24,43,17,19,23,14,3X
"Fri, Feb 16, 2018",38,48,58,14,53,16,3X
"Tue, Feb 13, 2018",5,46,15,49,12,1,4X
"Fri, Feb 09, 2018",28,41,34,47,46,14,3X
"Tue, Feb 06, 2018",25,14,48,17,58,25,3X
"Fri, Feb 02, 2018",17,40,4,1,14,4,3X
"Tue, Jan 30, 2018",29,57,49,42,41,24,3X
"Fri, Jan 26, 2018",27,38,43,16,10,1,4X
"Tue, Jan 23, 2018",31,30,55,6,2,7,4X
"Fri, Jan 19, 2018",49,3,23,66,17,23,3X
"Tue, Jan 16, 2018",3,29,59,23,11,18,3X
"Fri, Jan 12, 2018",46,17,33,60,18,24,4X
"Tue, Jan 09, 2018",16,29,67,31,65,23,3X
"Fri, Jan 05, 2018",70,59,30,28,39,10,3X
"Tue, Jan 02, 2018",1,42,64,47,70,22,4X
"Fri, Dec 29, 2017",28,4,10,62,18,7,2X
"Tue, Dec 26, 2017",41,12,10,38,20,25,4X
"Fri, Dec 22, 2017",30,33,42,1,20,16,4X
"Tue, Dec 19, 2017",37,39,58,28,42,2,3X
"Fri, Dec 15, 2017",4,44,57,36,12,19,4X
"Tue, Dec 12, 2017",24,25,23,27,8,9,2X
"Fri, Dec 08, 2017",46,6,60,37,70,24,2X
"Tue, Dec 05, 2017",15,42,67,14,37,22,4X
"Fri, Dec 01, 2017",41,22,59,40,16,8,4X
"Tue, Nov 28, 2017",10,47,17,51,61,5,2X
"Fri, Nov 24, 2017",16,36,54,61,64,22,3X
"Fri, Nov 24, 2017",16,36,54,61,64,22,3X
"Tue, Nov 21, 2017",7,3,27,50,22,3,3X
"Fri, Nov 17, 2017",26,55,70,58,3,15,4X
"Tue, Nov 14, 2017",14,1,21,22,28,19,3X
"Fri, Nov 10, 2017",6,38,42,23,58,24,2X
"Tue, Nov 07, 2017",1,68,69,60,54,11,4X
"Fri, Nov 03, 2017",69,10,61,42,22,3,2X
"Tue, Oct 31, 2017",31,53,6,28,52,12,4X
"Fri, Oct 27, 2017",51,41,27,52,17,13,5X
"Tue, Oct 24, 2017",24,64,34,56,20,6,4X
"Fri, Oct 20, 2017",63,6,73,66,23,9,2X
"Tue, Oct 17, 2017",49,70,56,31,45,11,5X
"Fri, Oct 13, 2017",31,7,26,2,18,12,2X
"Tue, Oct 10, 2017",16,7,61,62,24,2,5X
"Fri, Oct 06, 2017",33,56,21,45,36,12,5X
"Tue, Oct 03, 2017",25,18,19,12,67,7,5X
"Fri, Sep 29, 2017",62,73,74,51,25,7,5X
"Tue, Sep 26, 2017",10,66,1,75,57,4,4X
"Fri, Sep 22, 2017",63,39,54,5,66,15,5X
"Tue, Sep 19, 2017",9,61,50,28,31,10,2X
"Fri, Sep 15, 2017",38,34,18,58,24,3,4X
"Tue, Sep 12, 2017",37,65,26,54,41,3,4X
"Fri, Sep 08, 2017",4,73,14,26,5,14,2X
"Tue, Sep 05, 2017",17,59,70,11,72,1,3X
"Fri, Sep 01, 2017",64,13,4,50,31,12,5X
"Tue, Aug 29, 2017",17,73,2,13,35,3,3X
"Fri, Aug 25, 2017",65,51,38,42,17,11,5X
"Tue, Aug 22, 2017",51,24,46,35,50,7,4X
"Fri, Aug 18, 2017",31,40,1,75,34,6,3X
"Tue, Aug 15, 2017",7,20,16,73,66,7,2X
"Fri, Aug 11, 2017",56,23,58,33,53,6,5X
"Tue, Aug 08, 2017",11,17,50,52,74,14,2X
"Fri, Aug 04, 2017",25,17,71,9,63,4,5X
"Tue, Aug 01, 2017",52,20,22,57,73,7,5X
"Fri, Jul 28, 2017",4,31,6,49,52,11,3X
"Tue, Jul 25, 2017",58,5,60,26,2,6,3X
"Fri, Jul 21, 2017",18,31,50,36,74,10,4X
"Tue, Jul 18, 2017",73,51,8,23,12,6,4X
"Fri, Jul 14, 2017",73,24,12,11,32,1,4X
"Tue, Jul 11, 2017",55,74,7,24,18,10,2X
"Fri, Jul 07, 2017",60,28,9,11,2,10,5X
"Tue, Jul 04, 2017",53,16,39,71,47,15,4X
"Fri, Jun 30, 2017",10,55,51,38,64,6,5X
"Tue, Jun 27, 2017",4,57,21,45,52,14,4X
"Fri, Jun 23, 2017",20,12,66,74,53,11,2X
"Tue, Jun 20, 2017",63,41,2,49,15,3,3X
"Fri, Jun 16, 2017",18,26,44,30,22,9,5X
"Tue, Jun 13, 2017",62,51,75,68,27,8,3X
"Fri, Jun 09, 2017",33,37,16,3,28,9,5X
"Tue, Jun 06, 2017",49,75,16,3,5,5,3X
"Fri, Jun 02, 2017",72,7,57,42,69,10,3X
"Tue, May 30, 2017",32,37,20,5,67,5,5X
"Fri, May 26, 2017",56,26,28,25,37,5,3X
"Tue, May 23, 2017",33,6,17,60,13,14,2X
"Fri, May 19, 2017",5,24,4,30,1,1,3X
"Tue, May 16, 2017",56,35,4,72,39,11,5X
"Fri, May 12, 2017",42,47,28,34,41,13,4X
"Tue, May 09, 2017",6,45,73,69,29,11,5X
"Fri, May 05, 2017",47,23,53,33,4,7,4X
"Tue, May 02, 2017",43,42,5,58,14,1,4X
"Fri, Apr 28, 2017",18,6,13,20,31,13,4X
"Tue, Apr 25, 2017",3,50,13,40,33,2,4X
"Fri, Apr 21, 2017",1,12,32,34,13,10,2X
"Tue, Apr 18, 2017",64,29,8,43,30,6,3X
"Fri, Apr 14, 2017",73,5,10,60,55,12,5X
"Tue, Apr 11, 2017",34,38,35,49,19,8,5X
"Fri, Apr 07, 2017",43,69,33,47,30,15,5X
"Tue, Apr 04, 2017",35,24,13,34,55,9,5X
"Fri, Mar 31, 2017",32,27,58,17,24,10,3X
"Tue, Mar 28, 2017",35,30,46,37,33,10,5X
"Fri, Mar 24, 2017",37,69,61,28,5,1,5X
"Tue, Mar 21, 2017",45,4,53,75,73,7,3X
"Fri, Mar 17, 2017",58,31,11,27,60,10,4X
"Tue, Mar 14, 2017",16,59,33,28,23,13,3X
"Fri, Mar 10, 2017",38,42,70,26,58,5,5X
"Tue, Mar 07, 2017",30,68,3,53,45,11,3X
"Fri, Mar 03, 2017",48,14,26,51,39,9,5X
"Tue, Feb 28, 2017",33,69,58,45,20,4,2X
"Fri, Feb 24, 2017",68,29,12,42,33,14,3X
"Tue, Feb 21, 2017",32,75,30,21,9,9,5X
"Fri, Feb 17, 2017",67,4,75,56,58,8,5X
"Tue, Feb 14, 2017",7,11,68,60,33,15,5X
"Fri, Feb 10, 2017",32,39,51,62,75,14,5X
"Tue, Feb 07, 2017",28,37,23,71,56,12,5X
"Fri, Feb 03, 2017",3,30,6,64,29,3,5X
"Tue, Jan 31, 2017",3,27,14,72,62,4,3X
"Fri, Jan 27, 2017",61,53,54,17,37,8,3X
"Tue, Jan 24, 2017",54,67,42,63,8,11,4X
"Fri, Jan 20, 2017",41,24,7,53,9,14,3X
"Tue, Jan 17, 2017",20,54,59,31,56,3,5X
"Fri, Jan 13, 2017",74,58,10,44,75,11,3X
"Tue, Jan 10, 2017",41,11,40,59,20,15,5X
"Fri, Jan 06, 2017",10,47,54,6,44,6,5X
"Tue, Jan 03, 2017",49,16,14,23,53,12,2X
"Fri, Dec 30, 2016",6,43,33,39,21,2,2X
"Tue, Dec 27, 2016",30,2,39,28,38,11,4X
"Fri, Dec 23, 2016",60,69,39,30,21,15,5X
"Tue, Dec 20, 2016",12,48,65,1,14,2,5X
"Fri, Dec 16, 2016",1,43,36,15,8,6,5X
"Tue, Dec 13, 2016",41,34,2,26,15,14,5X
"Fri, Dec 09, 2016",47,68,19,27,67,1,5X
"Tue, Dec 06, 2016",13,34,48,53,63,12,4X
"Fri, Dec 02, 2016",49,3,51,33,35,1,2X
"Tue, Nov 29, 2016",51,33,49,59,22,8,4X
"Fri, Nov 25, 2016",69,44,75,47,49,10,3X
"Tue, Nov 22, 2016",45,69,1,66,43,7,5X
"Fri, Nov 18, 2016",31,32,49,55,58,15,5X
"Tue, Nov 15, 2016",23,57,71,9,17,6,3X
"Fri, Nov 11, 2016",40,16,53,59,47,11,5X
"Tue, Nov 08, 2016",48,74,46,53,61,12,4X
"Fri, Nov 04, 2016",29,32,10,46,44,10,3X
"Tue, Nov 01, 2016",39,19,31,24,45,13,2X
"Fri, Oct 28, 2016",38,66,7,46,57,2,5X
"Tue, Oct 25, 2016",24,49,67,9,8,13,3X
"Fri, Oct 21, 2016",44,48,12,43,66,3,4X
"Tue, Oct 18, 2016",24,7,74,28,65,1,2X
"Fri, Oct 14, 2016",64,74,27,60,7,5,3X
"Tue, Oct 11, 2016",42,45,39,48,36,3,2X
"Fri, Oct 07, 2016",42,65,37,50,24,14,2X
"Tue, Oct 04, 2016",54,30,29,66,18,1,5X
"Fri, Sep 30, 2016",50,21,57,47,30,9,5X
"Tue, Sep 27, 2016",16,53,72,14,26,4,4X
"Fri, Sep 23, 2016",8,62,5,1,25,14,3X
"Tue, Sep 20, 2016",2,62,34,22,72,2,5X
"Fri, Sep 16, 2016",40,34,13,21,28,15,3X
"Tue, Sep 13, 2016",6,17,39,15,56,15,3X
"Fri, Sep 09, 2016",43,1,34,63,44,11,4X
"Tue, Sep 06, 2016",37,69,58,75,25,8,3X
"Fri, Sep 02, 2016",28,41,22,60,46,3,3X
"Tue, Aug 30, 2016",32,51,71,41,28,11,4X
"Fri, Aug 26, 2016",41,44,31,11,10,14,2X
"Tue, Aug 23, 2016",61,7,46,2,66,1,2X
"Fri, Aug 19, 2016",73,65,22,37,45,13,5X
"Tue, Aug 16, 2016",43,2,62,63,52,6,5X
"Fri, Aug 12, 2016",41,56,4,44,69,10,4X
"Tue, Aug 09, 2016",12,20,66,44,19,1,5X
"Fri, Aug 05, 2016",5,54,28,18,74,6,4X
"Tue, Aug 02, 2016",12,70,36,3,54,12,5X
"Fri, Jul 29, 2016",31,19,11,16,48,4,5X
"Tue, Jul 26, 2016",4,36,1,54,31,9,3X
"Fri, Jul 22, 2016",8,24,25,26,30,7,4X
"Tue, Jul 19, 2016",65,34,54,66,3,4,5X
"Fri, Jul 15, 2016",58,51,16,52,56,4,2X
"Tue, Jul 12, 2016",22,8,6,46,68,4,4X
"Fri, Jul 08, 2016",20,19,55,73,8,5,2X
"Tue, Jul 05, 2016",29,64,46,53,73,10,5X
"Fri, Jul 01, 2016",49,45,20,42,41,14,2X
"Tue, Jun 28, 2016",55,17,15,20,35,7,2X
"Fri, Jun 24, 2016",54,57,63,14,11,11,5X
"Tue, Jun 21, 2016",49,50,13,6,21,10,5X
"Fri, Jun 17, 2016",59,20,23,30,44,9,5X
"Tue, Jun 14, 2016",37,52,36,38,62,6,5X
"Fri, Jun 10, 2016",34,66,67,68,61,7,5X
"Tue, Jun 07, 2016",72,65,51,25,48,4,4X
"Fri, Jun 03, 2016",32,71,54,66,65,10,3X
"Tue, May 31, 2016",9,41,49,31,34,8,5X
"Fri, May 27, 2016",41,50,70,18,68,9,3X
"Tue, May 24, 2016",70,50,11,51,75,15,4X
"Fri, May 20, 2016",26,24,19,68,40,8,2X
"Tue, May 17, 2016",48,27,75,17,24,6,3X
"Fri, May 13, 2016",66,20,54,38,21,7,4X
"Tue, May 10, 2016",56,74,22,46,12,4,3X
"Fri, May 06, 2016",32,26,14,27,36,7,4X
"Tue, May 03, 2016",28,36,45,33,29,15,5X
"Fri, Apr 29, 2016",5,37,74,6,55,10,5X
"Tue, Apr 26, 2016",16,14,48,17,28,2,2X
"Fri, Apr 22, 2016",19,42,60,21,2,13,5X
"Tue, Apr 19, 2016",28,9,40,57,65,2,5X
"Fri, Apr 15, 2016",37,10,34,73,9,9,5X
"Tue, Apr 12, 2016",59,7,62,63,11,3,5X
"Fri, Apr 08, 2016",38,52,71,65,31,15,3X
"Tue, Apr 05, 2016",57,53,13,45,52,10,5X
"Fri, Apr 01, 2016",41,69,25,28,33,6,2X
"Tue, Mar 29, 2016",38,40,46,33,49,15,5X
"Fri, Mar 25, 2016",35,11,12,46,4,12,2X
"Tue, Mar 22, 2016",34,6,19,70,38,5,5X
"Fri, Mar 18, 2016",73,57,59,8,5,13,5X
"Tue, Mar 15, 2016",30,26,68,18,44,7,4X
"Fri, Mar 11, 2016",71,14,54,18,48,13,4X
"Tue, Mar 08, 2016",37,66,27,69,54,5,5X
"Fri, Mar 04, 2016",26,48,73,21,33,14,4X
"Tue, Mar 01, 2016",55,33,34,29,1,6,5X
"Fri, Feb 26, 2016",74,15,19,3,62,14,4X
"Tue, Feb 23, 2016",39,53,16,32,57,10,5X
"Fri, Feb 19, 2016",27,50,41,2,75,4,4X
"Tue, Feb 16, 2016",64,31,33,9,46,4,3X
"Fri, Feb 12, 2016",68,44,1,7,73,1,3X
"Tue, Feb 09, 2016",71,56,3,46,42,13,4X
"Fri, Feb 05, 2016",23,4,75,6,55,2,3X
"Tue, Feb 02, 2016",7,25,70,51,13,9,4X
"Fri, Jan 29, 2016",28,51,20,52,49,6,2X
"Tue, Jan 26, 2016",14,27,39,50,69,2,2X
"Fri, Jan 22, 2016",56,25,46,21,40,3,5X
"Tue, Jan 19, 2016",47,2,39,17,31,9,2X
"Fri, Jan 15, 2016",53,70,41,29,54,12,2X
"Tue, Jan 12, 2016",29,15,48,31,27,15,4X
"Fri, Jan 08, 2016",51,39,11,57,75,2,5X
"Tue, Jan 05, 2016",36,57,1,48,4,13,5X
"Fri, Jan 01, 2016",18,37,39,7,38,9,5X
"Tue, Dec 29, 2015",55,20,74,25,62,7,3X
"Fri, Dec 25, 2015",15,44,25,29,51,4,4X
"Tue, Dec 22, 2015",70,21,50,11,40,15,3X
"Fri, Dec 18, 2015",28,62,6,23,24,7,5X
"Tue, Dec 15, 2015",47,25,61,51,18,5,5X
"Fri, Dec 11, 2015",14,43,69,54,20,5,4X
"Tue, Dec 08, 2015",7,17,37,73,49,15,3X
"Fri, Dec 04, 2015",61,42,73,26,47,6,5X
"Tue, Dec 01, 2015",7,25,50,5,59,12,2X
"Fri, Nov 27, 2015",59,20,39,16,56,12,3X
"Tue, Nov 24, 2015",38,19,2,30,70,8,4X
"Fri, Nov 20, 2015",12,67,29,37,9,15,2X
"Tue, Nov 17, 2015",12,18,14,61,24,10,3X
"Fri, Nov 13, 2015",17,31,18,59,35,9,5X
"Tue, Nov 10, 2015",8,45,17,71,20,4,4X
"Fri, Nov 06, 2015",50,72,35,31,10,8,3X
"Tue, Nov 03, 2015",44,16,69,29,74,12,5X
"Fri, Oct 30, 2015",17,56,53,51,41,15,5X
"Tue, Oct 27, 2015",27,9,29,74,26,4,3X
"Fri, Oct 23, 2015",25,70,45,32,37,1,5X
"Tue, Oct 20, 2015",52,35,6,38,25,4,4X
"Fri, Oct 16, 2015",48,2,61,38,68,4,3X
"Tue, Oct 13, 2015",52,38,9,7,24,1,5X
"Fri, Oct 09, 2015",8,63,75,9,21,14,4X
"Tue, Oct 06, 2015",17,63,58,66,64,13,3X
"Fri, Oct 02, 2015",4,47,29,14,31,9,2X
"Tue, Sep 29, 2015",21,62,8,61,30,9,3X
"Fri, Sep 25, 2015",51,8,38,3,64,4,5X
"Tue, Sep 22, 2015",30,38,51,28,45,8,5X
"Fri, Sep 18, 2015",17,35,34,65,51,7,3X
"Tue, Sep 15, 2015",35,56,49,7,20,9,4X
"Fri, Sep 11, 2015",31,5,50,67,11,14,2X
"Tue, Sep 08, 2015",20,36,46,41,19,7,3X
"Fri, Sep 04, 2015",21,52,17,39,57,5,5X
"Tue, Sep 01, 2015",40,54,5,35,2,13,5X
"Fri, Aug 28, 2015",40,68,13,60,35,9,4X
"Tue, Aug 25, 2015",59,44,54,63,5,1,5X
"Fri, Aug 21, 2015",21,15,13,72,41,1,5X
"Tue, Aug 18, 2015",2,39,7,53,33,9,3X
"Fri, Aug 14, 2015",52,12,15,71,20,3,4X
"Tue, Aug 11, 2015",3,8,29,57,68,8,4X
"Fri, Aug 07, 2015",66,53,38,1,63,10,3X
"Tue, Aug 04, 2015",51,19,44,2,57,14,2X
"Fri, Jul 31, 2015",33,32,46,28,40,10,4X
"Tue, Jul 28, 2015",75,35,68,61,8,15,5X
"Fri, Jul 24, 2015",10,62,60,26,12,13,5X
"Tue, Jul 21, 2015",74,30,20,65,62,1,5X
"Fri, Jul 17, 2015",30,6,31,41,17,15,3X
"Tue, Jul 14, 2015",35,24,72,19,30,5,3X
"Tue, Jul 14, 2015",35,24,72,19,30,5,3X
"Fri, Jul 10, 2015",24,27,54,45,51,8,3X
"Tue, Jul 07, 2015",6,49,16,28,15,14,3X
"Fri, Jul 03, 2015",33,50,64,71,72,9,4X
"Tue, Jun 30, 2015",43,34,17,11,50,15,4X
"Fri, Jun 26, 2015",33,12,50,47,23,3,5X
"Tue, Jun 23, 2015",38,70,56,13,6,2,5X
"Fri, Jun 19, 2015",4,52,36,68,35,8,3X
"Tue, Jun 16, 2015",56,26,67,19,8,14,2X
"Fri, Jun 12, 2015",42,40,56,62,1,2,5X
"Tue, Jun 09, 2015",17,16,6,25,36,7,5X
"Fri, Jun 05, 2015",49,7,27,41,22,10,4X
"Tue, Jun 02, 2015",2,11,22,9,23,12,4X
"Fri, May 29, 2015",49,38,66,20,27,2,4X
"Fri, May 29, 2015",49,38,66,20,27,2,4X
"Tue, May 26, 2015",72,52,69,39,1,12,4X
"Fri, May 22, 2015",48,15,25,14,3,8,5X
"Tue, May 19, 2015",65,10,21,29,12,10,5X
"Fri, May 15, 2015",36,11,17,21,74,15,5X
"Tue, May 12, 2015",44,30,14,36,33,2,5X
"Fri, May 08, 2015",25,21,9,66,72,7,3X
"Tue, May 05, 2015",21,42,62,11,71,7,5X
"Fri, May 01, 2015",61,66,18,17,74,3,3X
"Tue, Apr 28, 2015",63,27,58,22,55,11,5X
"Fri, Apr 24, 2015",24,67,47,25,29,4,4X
"Tue, Apr 21, 2015",35,69,41,31,33,11,5X
"Fri, Apr 17, 2015",50,18,29,41,15,5,2X
"Tue, Apr 14, 2015",68,7,71,25,3,3,5X
"Fri, Apr 10, 2015",68,6,11,32,46,9,2X
"Tue, Apr 07, 2015",22,15,26,5,64,6,4X
"Fri, Apr 03, 2015",10,74,63,36,47,2,5X
"Tue, Mar 31, 2015",26,61,41,73,8,11,5X
"Fri, Mar 27, 2015",58,17,70,36,21,3,5X
"Tue, Mar 24, 2015",23,2,45,55,32,12,2X
"Fri, Mar 20, 2015",7,54,61,75,50,7,4X
"Tue, Mar 17, 2015",44,45,11,58,27,3,5X
"Fri, Mar 13, 2015",42,45,8,30,22,3,5X
"Tue, Mar 10, 2015",73,10,30,14,19,14,5X
"Fri, Mar 06, 2015",55,73,30,48,68,5,3X
"Tue, Mar 03, 2015",11,9,44,50,42,3,4X
"Fri, Feb 27, 2015",60,53,7,64,49,4,2X
"Tue, Feb 24, 2015",23,26,66,15,45,4,3X
"Fri, Feb 20, 2015",8,2,6,66,52,13,3X
"Tue, Feb 17, 2015",50,66,45,65,6,1,5X
"Fri, Feb 13, 2015",4,74,44,20,65,14,3X
"Tue, Feb 10, 2015",42,58,71,7,53,15,2X
"Fri, Feb 06, 2015",6,68,33,17,5,13,3X
"Tue, Feb 03, 2015",25,22,69,11,58,13,5X
"Fri, Jan 30, 2015",18,31,39,45,55,6,5X
"Tue, Jan 27, 2015",44,5,57,27,26,7,3X
"Fri, Jan 23, 2015",68,72,15,32,14,8,2X
"Tue, Jan 20, 2015",63,56,35,31,59,6,5X
"Fri, Jan 16, 2015",26,32,44,58,45,11,3X
"Tue, Jan 13, 2015",20,50,12,51,25,7,5X
"Fri, Jan 09, 2015",37,56,50,49,57,8,5X
"Tue, Jan 06, 2015",20,12,27,38,75,4,3X
"Fri, Jan 02, 2015",35,15,62,74,13,12,4X
"Tue, Dec 30, 2014",63,3,67,44,7,12,4X
"Fri, Dec 26, 2014",2,5,10,20,38,14,3X
"Tue, Dec 23, 2014",31,56,66,10,4,7,3X
"Fri, Dec 19, 2014",59,58,14,68,18,4,3X
"Tue, Dec 16, 2014",68,58,41,72,73,1,5X
"Fri, Dec 12, 2014",58,46,65,31,2,7,5X
"Tue, Dec 09, 2014",45,52,49,27,51,14,5X
"Fri, Dec 05, 2014",59,5,11,51,4,5,5X
"Tue, Dec 02, 2014",49,18,13,22,62,11,5X
"Fri, Nov 28, 2014",47,26,29,8,36,10,3X
"Tue, Nov 25, 2014",29,10,47,11,56,4,2X
"Fri, Nov 21, 2014",37,63,3,12,35,15,2X
"Tue, Nov 18, 2014",53,68,39,37,75,6,2X
"Fri, Nov 14, 2014",68,62,49,3,61,15,5X
"Tue, Nov 11, 2014",28,75,23,30,25,11,5X
"Fri, Nov 07, 2014",66,35,31,41,65,5,5X
"Tue, Nov 04, 2014",15,24,41,9,39,1,4X
"Fri, Oct 31, 2014",67,11,58,36,29,15,2X
"Tue, Oct 28, 2014",3,57,60,50,58,11,5X
"Fri, Oct 24, 2014",2,55,21,28,14,3,3X
"Tue, Oct 21, 2014",41,5,35,66,37,11,5X
"Fri, Oct 17, 2014",60,31,43,56,21,12,4X
"Tue, Oct 14, 2014",46,37,64,11,68,15,3X
"Fri, Oct 10, 2014",32,59,35,2,50,3,5X
"Tue, Oct 07, 2014",46,55,29,48,16,2,3X
"Fri, Oct 03, 2014",20,58,3,34,67,6,3X
"Tue, Sep 30, 2014",61,52,54,16,3,6,5X
"Fri, Sep 26, 2014",26,35,62,17,46,9,5X
"Tue, Sep 23, 2014",43,21,24,40,25,12,5X
"Fri, Sep 19, 2014",16,34,25,29,27,2,2X
"Tue, Sep 16, 2014",73,51,53,25,45,2,2X
"Fri, Sep 12, 2014",36,18,28,33,42,7,3X
"Tue, Sep 09, 2014",70,55,25,34,71,1,4X
"Fri, Sep 05, 2014",12,24,7,20,59,7,2X
"Tue, Sep 02, 2014",72,69,8,1,54,1,3X
"Fri, Aug 29, 2014",58,73,26,3,45,12,2X
"Tue, Aug 26, 2014",31,64,60,29,51,1,5X
"Fri, Aug 22, 2014",31,34,5,74,41,3,5X
"Tue, Aug 19, 2014",71,22,67,39,56,15,4X
"Fri, Aug 15, 2014",28,19,29,16,68,9,2X
"Tue, Aug 12, 2014",63,32,53,60,68,6,4X
"Fri, Aug 08, 2014",9,70,61,16,75,7,5X
"Tue, Aug 05, 2014",53,28,45,36,25,6,5X
"Fri, Aug 01, 2014",13,34,72,37,29,6,5X
"Tue, Jul 29, 2014",2,16,43,74,8,1,4X
"Fri, Jul 25, 2014",33,29,41,68,22,12,5X
"Tue, Jul 22, 2014",31,47,22,14,18,15,3X
"Fri, Jul 18, 2014",5,59,65,8,72,3,3X
"Tue, Jul 15, 2014",40,2,17,4,36,5,2X
"Fri, Jul 11, 2014",13,9,30,35,69,10,5X
"Tue, Jul 08, 2014",48,27,25,49,14,9,5X
"Fri, Jul 04, 2014",58,33,39,16,69,2,5X
"Tue, Jul 01, 2014",9,47,38,49,22,15,3X
"Fri, Jun 27, 2014",46,64,29,15,31,10,3X
"Tue, Jun 24, 2014",65,47,24,17,13,10,4X
"Fri, Jun 20, 2014",25,1,56,29,22,3,5X
"Tue, Jun 17, 2014",24,60,14,10,47,3,4X
"Fri, Jun 13, 2014",7,46,38,49,56,1,5X
"Tue, Jun 10, 2014",74,10,24,2,26,7,5X
"Fri, Jun 06, 2014",49,37,12,72,29,9,4X
"Tue, Jun 03, 2014",62,19,66,74,28,6,3X
"Fri, May 30, 2014",42,10,13,43,62,2,4X
"Tue, May 27, 2014",1,46,58,10,6,13,2X
"Fri, May 23, 2014",21,70,14,38,12,15,4X
"Tue, May 20, 2014",40,64,63,10,69,7,2X
"Fri, May 16, 2014",56,14,13,16,50,11,5X
"Tue, May 13, 2014",46,48,37,70,74,1,2X
"Fri, May 09, 2014",39,10,59,28,51,14,2X
"Tue, May 06, 2014",18,51,48,27,20,5,3X
"Fri, May 02, 2014",18,1,35,26,40,13,5X
"Tue, Apr 29, 2014",61,66,43,59,7,3,3X
"Fri, Apr 25, 2014",11,66,18,20,3,9,2X
"Tue, Apr 22, 2014",18,49,2,50,19,1,3X
"Fri, Apr 18, 2014",45,18,25,38,63,9,2X
"Tue, Apr 15, 2014",39,4,70,46,47,13,3X
"Fri, Apr 11, 2014",3,44,42,47,57,8,5X
"Tue, Apr 08, 2014",35,71,36,41,60,3,3X
"Fri, Apr 04, 2014",15,10,54,1,41,9,2X
"Tue, Apr 01, 2014",68,23,74,10,75,9,5X
"Fri, Mar 28, 2014",2,9,50,3,73,12,3X
"Tue, Mar 25, 2014",19,57,51,26,73,15,3X
"Fri, Mar 21, 2014",2,23,30,35,53,10,5X
"Tue, Mar 18, 2014",51,24,11,33,19,7,3X
"Fri, Mar 14, 2014",7,69,54,20,40,12,3X
"Tue, Mar 11, 2014",56,14,9,69,57,10,4X
"Fri, Mar 07, 2014",51,11,69,57,13,1,4X
"Tue, Mar 04, 2014",10,35,31,45,29,10,2X
"Fri, Feb 28, 2014",50,31,59,58,3,6,4X
"Tue, Feb 25, 2014",66,35,18,12,25,15,5X
"Fri, Feb 21, 2014",45,23,46,29,32,15,5X
"Tue, Feb 18, 2014",70,31,29,23,37,14,5X
"Fri, Feb 14, 2014",20,35,28,71,72,7,3X
"Tue, Feb 11, 2014",67,64,43,71,73,4,2X
"Fri, Feb 07, 2014",64,35,11,23,21,10,3X
"Tue, Feb 04, 2014",60,25,73,44,49,9,3X
"Fri, Jan 31, 2014",9,13,47,3,52,8,4X
"Tue, Jan 28, 2014",16,53,60,28,7,2,3X
"Fri, Jan 24, 2014",46,65,45,47,22,10,5X
"Tue, Jan 21, 2014",45,33,8,52,23,4,4X
"Fri, Jan 17, 2014",1,10,31,26,51,11,4X
"Tue, Jan 14, 2014",4,69,23,26,62,13,3X
"Fri, Jan 10, 2014",8,37,36,57,28,8,3X
"Tue, Jan 07, 2014",13,34,64,62,56,6,5X
"Fri, Jan 03, 2014",25,70,24,22,40,5,5X
"Tue, Dec 31, 2013",58,12,8,52,34,8,3X
"Fri, Dec 27, 2013",4,48,15,49,35,11,5X
"Tue, Dec 24, 2013",73,53,58,34,23,2,3X
"Fri, Dec 20, 2013",49,3,31,4,57,6,2X
"Tue, Dec 17, 2013",8,20,14,17,39,7,4X
"Fri, Dec 13, 2013",27,26,24,19,70,12,2X
"Tue, Dec 10, 2013",65,22,41,5,12,13,2X
"Fri, Dec 06, 2013",64,11,44,63,29,3,3X
"Tue, Dec 03, 2013",12,41,7,44,59,3,3X
"Fri, Nov 29, 2013",41,9,43,57,47,5,4X
"Tue, Nov 26, 2013",74,59,27,44,75,3,5X
"Fri, Nov 22, 2013",44,23,36,35,17,8,3X
"Tue, Nov 19, 2013",14,63,49,29,15,2,3X
"Fri, Nov 15, 2013",54,63,49,44,25,8,4X
"Tue, Nov 12, 2013",20,71,32,42,30,15,5X
"Fri, Nov 08, 2013",41,42,65,51,57,7,2X
"Tue, Nov 05, 2013",74,11,2,64,42,2,5X
"Fri, Nov 01, 2013",49,35,32,62,67,1,5X
"Tue, Oct 29, 2013",54,53,33,50,20,7,3X
"Fri, Oct 25, 2013",45,16,60,54,6,15,2X
"Tue, Oct 22, 2013",3,2,19,71,52,14,5X
"Fri, Oct 18, 2013",5,45,20,56,48,1,4X
"Tue, Oct 15, 2013",4,43,30,23,50,11,4X
"Fri, Oct 11, 2013",48,45,37,3,27,46,4X
"Tue, Oct 08, 2013",19,23,15,6,40,5,3X
"Fri, Oct 04, 2013",25,44,4,16,24,5,3X
"Tue, Oct 01, 2013",53,30,10,37,7,1,3X
"Fri, Sep 27, 2013",27,23,49,51,9,38,2X
"Tue, Sep 24, 2013",4,39,32,11,40,33,3X
"Fri, Sep 20, 2013",15,20,21,1,47,34,2X
"Tue, Sep 17, 2013",15,6,39,27,31,25,2X
"Fri, Sep 13, 2013",48,9,28,54,22,8,4X
"Tue, Sep 10, 2013",12,2,54,56,18,1,3X
"Fri, Sep 06, 2013",2,17,41,16,22,31,4X
"Tue, Sep 03, 2013",28,4,41,14,13,28,3X
"Fri, Aug 30, 2013",6,43,24,44,19,33,2X
"Tue, Aug 27, 2013",7,4,36,38,30,38,4X
"Fri, Aug 23, 2013",1,53,17,20,9,14,4X
"Tue, Aug 20, 2013",13,35,38,28,41,33,3X
"Fri, Aug 16, 2013",13,26,46,7,36,37,4X
"Tue, Aug 13, 2013",2,41,37,31,32,40,4X
"Fri, Aug 09, 2013",34,11,38,30,20,12,3X
"Tue, Aug 06, 2013",11,51,55,1,16,41,3X
"Fri, Aug 02, 2013",39,8,21,23,25,4,2X
"Tue, Jul 30, 2013",25,27,44,42,36,39,3X
"Fri, Jul 26, 2013",22,4,27,23,38,42,4X
"Tue, Jul 23, 2013",51,32,25,50,35,46,3X
"Fri, Jul 19, 2013",16,24,39,20,42,46,3X
"Tue, Jul 16, 2013",14,53,21,40,10,20,2X
"Fri, Jul 12, 2013",5,27,51,25,4,10,3X
"Tue, Jul 09, 2013",21,43,3,48,45,14,2X
"Fri, Jul 05, 2013",23,41,47,54,2,42,4X
"Tue, Jul 02, 2013",52,53,42,36,51,40,4X
"Fri, Jun 28, 2013",8,52,46,35,15,38,4X
"Tue, Jun 25, 2013",3,5,28,33,51,16,2X
"Fri, Jun 21, 2013",3,14,17,40,50,3,3X
"Tue, Jun 18, 2013",6,17,34,48,40,30,2X
"Fri, Jun 14, 2013",2,34,5,31,33,20,4X
"Tue, Jun 11, 2013",45,40,15,50,53,28,4X
"Fri, Jun 07, 2013",37,1,55,48,10,21,4X
"Tue, Jun 04, 2013",11,20,55,10,12,19,3X
"Fri, May 31, 2013",44,26,20,46,2,26,3X
"Tue, May 28, 2013",25,4,32,54,12,36,4X
"Fri, May 24, 2013",4,16,5,53,18,28,4X
"Tue, May 21, 2013",55,15,48,2,17,11,4X
"Fri, May 17, 2013",35,11,49,43,15,41,4X
"Tue, May 14, 2013",12,32,6,28,10,38,4X
"Fri, May 10, 2013",20,49,1,39,19,28,4X
"Tue, May 07, 2013",1,20,13,51,6,31,4X
"Fri, May 03, 2013",54,2,42,34,20,39,2X
"Tue, Apr 30, 2013",49,39,21,34,30,43,3X
"Fri, Apr 26, 2013",17,54,42,55,49,31,4X
"Tue, Apr 23, 2013",21,50,22,9,32,10,3X
"Fri, Apr 19, 2013",8,6,22,43,12,28,4X
"Tue, Apr 16, 2013",2,39,18,15,5,42,2X
"Fri, Apr 12, 2013",10,21,13,19,1,28,3X
"Tue, Apr 09, 2013",54,17,30,41,48,13,4X
"Fri, Apr 05, 2013",23,36,15,8,41,5,3X
"Tue, Apr 02, 2013",47,10,40,14,7,34,4X
"Fri, Mar 29, 2013",25,31,46,53,36,21,4X
"Tue, Mar 26, 2013",51,33,49,46,20,46,4X
"Fri, Mar 22, 2013",14,41,34,37,27,38,4X
"Tue, Mar 19, 2013",3,37,6,21,14,35,3X
"Fri, Mar 15, 2013",8,22,4,32,17,8,2X
"Tue, Mar 12, 2013",9,12,19,30,20,39,4X
"Fri, Mar 08, 2013",25,11,4,35,34,44,4X
"Tue, Mar 05, 2013",46,39,20,6,41,42,3X
"Fri, Mar 01, 2013",51,43,30,17,38,20,4X
"Tue, Feb 26, 2013",6,7,13,43,15,7,4X
"Fri, Feb 22, 2013",13,38,9,49,24,30,3X
"Tue, Feb 19, 2013",15,30,1,19,56,28,3X
"Fri, Feb 15, 2013",11,42,35,44,41,42,4X
"Tue, Feb 12, 2013",9,38,55,32,22,44,3X
"Fri, Feb 08, 2013",20,39,15,50,6,5,4X
"Tue, Feb 05, 2013",44,26,10,5,2,46,4X
"Fri, Feb 01, 2013",41,1,32,30,40,17,3X
"Tue, Jan 29, 2013",27,47,12,46,8,6,3X
"Fri, Jan 25, 2013",11,17,31,48,12,1,4X
"Tue, Jan 22, 2013",16,39,7,54,11,13,3X
"Fri, Jan 18, 2013",42,49,8,18,25,14,3X
"Tue, Jan 15, 2013",19,1,41,12,6,14,4X
"Fri, Jan 11, 2013",29,56,24,34,30,1,4X
"Tue, Jan 08, 2013",3,38,20,21,42,19,4X
"Fri, Jan 04, 2013",2,23,55,25,1,39,4X
"Tue, Jan 01, 2013",11,21,4,44,25,29,4X
"Fri, Dec 28, 2012",10,41,32,13,40,32,4X
"Tue, Dec 25, 2012",2,48,3,18,34,36,4X
"Fri, Dec 21, 2012",32,18,3,41,56,19,3X
"Tue, Dec 18, 2012",7,18,29,1,6,16,3X
"Fri, Dec 14, 2012",41,28,11,33,43,41,4X
"Tue, Dec 11, 2012",44,54,39,52,51,13,4X
"Fri, Dec 07, 2012",43,7,44,51,56,4,3X
"Tue, Dec 04, 2012",19,32,3,43,24,44,4X
"Fri, Nov 30, 2012",24,31,28,11,22,46,3X
"Tue, Nov 27, 2012",42,26,12,5,49,24,4X
"Tue, Nov 27, 2012",42,26,12,5,49,24,4X
"Fri, Nov 23, 2012",47,37,8,44,48,27,4X
"Tue, Nov 20, 2012",9,52,13,22,38,44,4X
"Tue, Nov 20, 2012",9,52,13,22,38,44,4X
"Fri, Nov 16, 2012",26,5,24,53,29,36,4X
"Tue, Nov 13, 2012",12,31,6,46,56,34,2X
"Fri, Nov 09, 2012",35,18,40,33,22,11,4X
"Tue, Nov 06, 2012",35,32,3,5,13,6,3X
"Fri, Nov 02, 2012",38,18,4,44,22,24,3X
"Tue, Oct 30, 2012",29,5,12,56,18,38,4X
"Fri, Oct 26, 2012",36,4,24,40,15,44,2X
"Tue, Oct 23, 2012",42,55,17,1,46,1,2X
"Fri, Oct 19, 2012",14,48,36,34,53,42,3X
"Tue, Oct 16, 2012",37,46,52,13,40,29,4X
"Fri, Oct 12, 2012",26,24,10,6,42,15,4X
"Tue, Oct 09, 2012",22,15,6,16,37,3,4X
"Fri, Oct 05, 2012",9,16,32,8,39,15,3X
"Tue, Oct 02, 2012",55,20,11,10,42,9,4X
"Fri, Sep 28, 2012",6,14,28,56,43,28,4X
"Fri, Sep 28, 2012",6,14,8,56,43,28,4X
"Tue, Sep 25, 2012",50,51,23,8,7,26,3X
"Fri, Sep 21, 2012",13,55,3,14,46,34,4X
"Tue, Sep 18, 2012",9,5,22,49,36,36,3X
"Fri, Sep 14, 2012",40,21,51,16,17,20,4X
"Tue, Sep 11, 2012",20,5,33,36,11,11,3X
"Fri, Sep 07, 2012",32,42,15,46,38,31,4X
"Tue, Sep 04, 2012",41,39,53,32,16,16,3X
"Fri, Aug 31, 2012",40,47,48,31,41,45,3X
"Tue, Aug 28, 2012",9,50,40,45,4,39,4X
"Fri, Aug 24, 2012",45,34,46,25,49,34,2X
"Tue, Aug 21, 2012",5,33,13,23,20,30,2X
"Fri, Aug 17, 2012",56,35,20,24,8,24,3X
"Tue, Aug 14, 2012",15,34,39,23,55,32,4X
"Fri, Aug 10, 2012",10,38,36,44,18,8,4X
"Tue, Aug 07, 2012",48,33,30,32,42,7,4X
"Fri, Aug 03, 2012",46,38,10,2,13,2,3X
"Tue, Jul 31, 2012",21,29,5,18,41,37,3X
"Fri, Jul 27, 2012",43,8,4,2,3,26,3X
"Tue, Jul 24, 2012",46,5,51,9,38,5,4X
"Fri, Jul 20, 2012",50,2,44,48,52,3,3X
"Tue, Jul 17, 2012",21,1,49,55,13,17,4X
"Fri, Jul 13, 2012",24,13,46,6,7,34,2X
"Tue, Jul 10, 2012",36,3,11,19,23,21,4X
"Fri, Jul 06, 2012",28,35,39,23,20,21,3X
"Tue, Jul 03, 2012",52,36,24,4,3,45,4X
"Fri, Jun 29, 2012",39,34,45,28,53,34,4X
"Tue, Jun 26, 2012",36,23,3,16,35,20,4X
"Fri, Jun 22, 2012",19,32,10,36,16,13,3X
"Tue, Jun 19, 2012",53,11,30,27,21,11,2X
"Fri, Jun 15, 2012",18,8,12,30,40,4,3X
"Tue, Jun 12, 2012",9,17,50,2,34,45,4X
"Fri, Jun 08, 2012",9,4,34,48,40,25,3X
"Tue, Jun 05, 2012",37,39,55,53,42,22,3X
"Fri, Jun 01, 2012",2,52,46,38,27,45,3X
"Tue, May 29, 2012",2,53,55,29,14,31,3X
"Fri, May 25, 2012",54,15,40,21,9,11,4X
"Tue, May 22, 2012",14,43,35,52,10,16,2X
"Fri, May 18, 2012",49,34,22,11,3,1,4X
"Tue, May 15, 2012",10,12,14,24,11,6,4X
"Fri, May 11, 2012",15,35,3,29,54,8,4X
"Tue, May 08, 2012",2,6,8,51,18,19,3X
"Fri, May 04, 2012",21,4,53,42,11,38,4X
"Tue, May 01, 2012",45,27,52,31,24,38,4X
"Fri, Apr 27, 2012",5,47,2,46,45,37,4X
"Tue, Apr 24, 2012",38,15,3,9,37,39,4X
"Fri, Apr 20, 2012",33,26,14,35,23,40,3X
"Tue, Apr 17, 2012",32,24,48,1,16,2,4X
"Fri, Apr 13, 2012",9,17,42,36,14,33,4X
"Tue, Apr 10, 2012",48,31,6,2,12,25,4X
"Fri, Apr 06, 2012",20,19,33,2,24,39,4X
"Tue, Apr 03, 2012",38,11,35,52,41,40,4X
"Fri, Mar 30, 2012",46,23,38,4,2,23,3X
"Tue, Mar 27, 2012",19,44,34,9,51,24,3X
"Fri, Mar 23, 2012",19,17,6,20,21,20,4X
"Tue, Mar 20, 2012",6,11,14,4,1,30,4X
"Fri, Mar 16, 2012",43,51,53,29,28,7,3X
"Tue, Mar 13, 2012",30,2,8,48,36,31,3X
"Fri, Mar 09, 2012",42,9,27,10,36,11,4X
"Tue, Mar 06, 2012",31,24,20,33,36,44,4X
"Fri, Mar 02, 2012",48,29,52,54,16,5,2X
"Tue, Feb 28, 2012",51,15,39,29,6,36,3X
"Fri, Feb 24, 2012",27,1,16,25,18,3,4X
"Tue, Feb 21, 2012",9,39,42,30,47,37,3X
"Fri, Feb 17, 2012",16,25,28,32,40,3,3X
"Tue, Feb 14, 2012",3,27,5,10,26,27,2X
"Fri, Feb 10, 2012",4,50,18,3,29,20,4X
"Tue, Feb 07, 2012",37,45,17,30,23,4,4X
"Fri, Feb 03, 2012",7,49,19,21,53,35,4X
"Tue, Jan 31, 2012",9,18,28,43,17,9,3X
"Fri, Jan 27, 2012",5,3,30,36,48,23,4X
"Tue, Jan 24, 2012",10,49,22,36,24,33,4X
"Fri, Jan 20, 2012",38,47,28,9,1,8,2X
"Tue, Jan 17, 2012",15,53,31,3,36,27,2X
"Fri, Jan 13, 2012",10,27,28,51,37,19,3X
"Tue, Jan 10, 2012",10,48,38,4,16,34,3X
"Fri, Jan 06, 2012",9,17,28,34,48,46,2X
"Tue, Jan 03, 2012",15,36,2,3,22,23,2X
"Fri, Dec 30, 2011",45,24,52,4,46,1,4X
"Tue, Dec 27, 2011",32,43,23,33,39,8,3X
"Fri, Dec 23, 2011",8,3,5,29,18,14,4X
"Fri, Dec 23, 2011",8,3,5,29,18,14,4X
"Tue, Dec 20, 2011",24,45,51,27,20,31,4X
"Fri, Dec 16, 2011",2,4,39,36,26,27,3X
"Tue, Dec 13, 2011",6,41,26,22,5,6,4X
"Fri, Dec 09, 2011",12,29,49,4,51,44,4X
"Tue, Dec 06, 2011",7,49,21,35,29,39,4X
"Fri, Dec 02, 2011",48,24,51,56,30,45,4X
"Tue, Nov 29, 2011",52,48,29,43,17,36,4X
"Fri, Nov 25, 2011",28,42,22,54,49,43,3X
"Tue, Nov 22, 2011",33,23,4,48,16,38,2X
"Fri, Nov 18, 2011",55,33,4,13,39,3,4X
"Tue, Nov 15, 2011",6,24,33,30,3,21,4X
"Fri, Nov 11, 2011",29,16,50,2,22,27,4X
"Tue, Nov 08, 2011",31,45,54,47,5,4,4X
"Fri, Nov 04, 2011",30,33,26,44,32,1,4X
"Tue, Nov 01, 2011",39,31,46,40,27,36,3X
"Fri, Oct 28, 2011",52,56,49,31,13,41,4X
"Tue, Oct 25, 2011",44,40,46,13,33,8,4X
"Fri, Oct 21, 2011",6,37,35,38,21,17,3X
"Tue, Oct 18, 2011",24,53,25,47,45,42,2X
"Fri, Oct 14, 2011",42,54,45,35,13,26,4X
"Tue, Oct 11, 2011",25,44,34,56,38,27,4X
"Fri, Oct 07, 2011",15,5,38,19,23,19,4X
"Tue, Oct 04, 2011",40,3,26,52,45,11,3X
"Fri, Sep 30, 2011",19,45,21,3,44,29,4X
"Tue, Sep 27, 2011",20,2,36,28,45,37,4X
"Fri, Sep 23, 2011",27,32,52,40,21,36,4X
"Tue, Sep 20, 2011",38,29,51,50,6,39,4X
"Fri, Sep 16, 2011",41,23,45,6,56,24,4X
"Tue, Sep 13, 2011",22,56,48,43,31,45,4X
"Fri, Sep 09, 2011",31,12,23,19,7,45,4X
"Tue, Sep 06, 2011",38,49,1,36,42,19,4X
"Fri, Sep 02, 2011",44,48,55,25,49,20,3X
"Tue, Aug 30, 2011",22,50,2,28,25,18,4X
"Fri, Aug 26, 2011",27,47,30,2,3,36,3X
"Tue, Aug 23, 2011",21,44,49,48,11,23,3X
"Fri, Aug 19, 2011",53,56,54,15,5,22,2X
"Tue, Aug 16, 2011",42,41,43,38,4,44,4X
"Fri, Aug 12, 2011",51,54,55,43,9,13,4X
"Tue, Aug 09, 2011",19,54,45,11,39,15,4X
"Fri, Aug 05, 2011",42,24,28,6,33,19,3X
"Tue, Aug 02, 2011",17,19,14,32,20,28,4X
"Fri, Jul 29, 2011",8,22,47,10,48,35,4X
"Tue, Jul 26, 2011",52,35,55,20,25,10,3X
"Fri, Jul 22, 2011",56,31,39,32,23,38,4X
"Tue, Jul 19, 2011",2,16,9,10,35,40,4X
"Tue, Jul 19, 2011",2,16,9,10,35,40,4X
"Fri, Jul 15, 2011",46,56,16,30,29,6,3X
"Tue, Jul 12, 2011",11,49,44,3,9,9,4X
"Fri, Jul 08, 2011",22,2,1,37,50,45,3X
"Tue, Jul 05, 2011",46,10,13,1,18,19,2X
"Fri, Jul 01, 2011",30,12,47,35,17,26,4X
"Tue, Jun 28, 2011",47,27,12,48,17,33,4X
"Fri, Jun 24, 2011",40,49,14,10,51,4,3X
"Tue, Jun 21, 2011",46,24,25,11,31,17,3X
"Fri, Jun 17, 2011",47,46,29,12,51,24,4X
"Tue, Jun 14, 2011",9,10,20,51,53,24,4X
"Fri, Jun 10, 2011",18,27,38,37,21,7,3X
"Tue, Jun 07, 2011",32,29,35,47,52,13,4X
"Fri, Jun 03, 2011",49,41,53,20,23,31,3X
"Tue, May 31, 2011",28,55,31,30,37,13,3X
"Fri, May 27, 2011",28,7,5,56,14,10,4X
"Tue, May 24, 2011",12,43,9,42,21,42,3X
"Fri, May 20, 2011",45,17,48,10,19,30,4X
"Tue, May 17, 2011",1,2,25,17,48,45,4X
"Fri, May 13, 2011",53,47,39,3,33,9,4X
"Tue, May 10, 2011",40,16,11,51,34,34,4X
"Fri, May 06, 2011",26,37,41,6,18,9,3X
"Tue, May 03, 2011",36,1,16,50,29,16,2X
"Fri, Apr 29, 2011",9,51,33,11,10,29,4X
"Tue, Apr 26, 2011",19,55,32,29,38,15,3X
"Fri, Apr 22, 2011",53,3,18,51,46,17,3X
"Tue, Apr 19, 2011",20,51,32,45,24,43,4X
"Fri, Apr 15, 2011",23,22,48,39,33,29,3X
"Tue, Apr 12, 2011",45,23,10,39,41,15,2X
"Fri, Apr 08, 2011",56,45,6,40,50,11,3X
"Tue, Apr 05, 2011",20,1,31,19,36,9,2X
"Fri, Apr 01, 2011",13,35,53,14,36,19,3X
"Tue, Mar 29, 2011",38,6,23,34,15,43,4X
"Fri, Mar 25, 2011",22,54,24,31,52,4,4X
"Tue, Mar 22, 2011",14,1,53,50,35,43,4X
"Fri, Mar 18, 2011",56,14,54,34,33,37,4X
"Tue, Mar 15, 2011",10,28,12,11,43,45,4X
"Fri, Mar 11, 2011",42,14,45,19,21,6,2X
"Tue, Mar 08, 2011",41,55,19,17,3,24,4X
"Fri, Mar 04, 2011",10,8,15,23,41,7,4X
"Tue, Mar 01, 2011",19,1,12,20,47,25,3X
"Fri, Feb 25, 2011",4,19,17,5,50,7,4X
"Tue, Feb 22, 2011",15,48,23,55,22,31,4X
"Fri, Feb 18, 2011",45,30,5,6,7,42,3X
"Tue, Feb 15, 2011",17,39,35,24,18,18,4X
"Fri, Feb 11, 2011",32,8,34,17,9,13,2X
"Tue, Feb 08, 2011",47,48,35,36,25,18,2X
"Fri, Feb 04, 2011",6,29,55,48,20,6,4X
"Tue, Feb 01, 2011",16,23,35,26,22,31,4X
"Fri, Jan 28, 2011",33,48,50,49,14,18,4X
"Tue, Jan 25, 2011",8,50,31,5,46,4,4X
"Fri, Jan 21, 2011",21,35,5,9,38,20,4X
"Tue, Jan 18, 2011",38,4,27,29,45,5,4X
"Fri, Jan 14, 2011",35,33,17,2,15,8,2X
"Tue, Jan 11, 2011",45,4,16,1,11,37,4X
"Fri, Jan 07, 2011",4,46,22,42,53,20,2X
"Tue, Jan 04, 2011",15,47,4,25,8,42,4X
"Fri, Dec 31, 2010",56,13,12,35,10,9,4X
"Tue, Dec 28, 2010",36,49,18,6,40,7,4X
"Fri, Dec 24, 2010",16,15,52,40,27,16,4X
"Tue, Dec 21, 2010",8,32,31,11,12,29,4X
"Fri, Dec 17, 2010",26,46,11,20,53,12,4X
"Tue, Dec 14, 2010",18,38,25,31,22,29,3X
"Fri, Dec 10, 2010",44,46,23,33,27,36,4X
"Tue, Dec 07, 2010",53,4,45,38,54,9,4X
"Fri, Dec 03, 2010",18,56,6,12,11,12,3X
"Tue, Nov 30, 2010",16,19,53,47,11,2,4X
"Fri, Nov 26, 2010",43,9,34,5,47,8,2X
"Tue, Nov 23, 2010",2,35,6,12,34,33,4X
"Fri, Nov 19, 2010",7,14,31,51,54,35,2X
"Tue, Nov 16, 2010",26,39,46,1,27,21,3X
"Fri, Nov 12, 2010",38,35,28,26,9,10,4X
"Tue, Nov 09, 2010",53,28,26,8,33,11,4X
"Fri, Nov 05, 2010",46,19,34,25,53,15,4X
"Tue, Nov 02, 2010",54,16,1,12,3,46,2X
"Fri, Oct 29, 2010",28,19,39,26,4,14,4X
"Tue, Oct 26, 2010",32,21,31,15,30,26,4X
"Fri, Oct 22, 2010",53,18,7,2,32,18,4X
"Tue, Oct 19, 2010",42,2,9,14,37,41,4X
"Fri, Oct 15, 2010",31,10,9,50,13,10,4X
"Tue, Oct 12, 2010",36,43,31,37,10,15,4X
"Fri, Oct 08, 2010",37,29,48,24,50,19,4X
"Tue, Oct 05, 2010",10,19,44,37,24,27,4X
"Fri, Oct 01, 2010",3,52,28,8,21,43,4X
"Tue, Sep 28, 2010",38,10,2,13,36,18,3X
"Fri, Sep 24, 2010",55,28,38,2,42,25,4X
"Tue, Sep 21, 2010",43,52,47,3,20,26,4X
"Fri, Sep 17, 2010",14,27,18,4,3,13,3X
"Tue, Sep 14, 2010",55,50,6,56,14,1,4X
"Fri, Sep 10, 2010",17,11,23,12,21,20,3X
"Tue, Sep 07, 2010",8,38,18,22,24,23,4X
"Fri, Sep 03, 2010",13,28,20,36,10,9,4X
"Tue, Aug 31, 2010",20,29,10,48,47,38,3X
"Fri, Aug 27, 2010",4,10,26,32,41,31,4X
"Tue, Aug 24, 2010",28,4,23,32,24,31,3X
"Fri, Aug 20, 2010",4,13,20,29,48,36,4X
"Tue, Aug 17, 2010",40,19,11,43,44,33,4X
"Fri, Aug 13, 2010",24,6,43,55,17,36,4X
"Tue, Aug 10, 2010",2,26,50,14,56,12,2X
"Fri, Aug 06, 2010",13,30,7,54,33,30,3X
"Tue, Aug 03, 2010",22,56,13,20,4,32,2X
"Fri, Jul 30, 2010",11,40,48,52,30,42,4X
"Tue, Jul 27, 2010",10,7,16,2,29,8,4X
"Fri, Jul 23, 2010",39,16,49,19,44,26,2X
"Tue, Jul 20, 2010",28,43,12,36,18,19,3X
"Fri, Jul 16, 2010",2,18,20,39,15,34,3X
"Tue, Jul 13, 2010",14,7,11,15,34,14,3X
"Fri, Jul 09, 2010",1,31,33,34,50,41,4X
"Tue, Jul 06, 2010",8,18,45,47,50,36,2X
"Fri, Jul 02, 2010",12,36,1,32,10,25,4X
"Tue, Jun 29, 2010",15,27,37,3,4,35,3X
"Fri, Jun 25, 2010",1,2,27,19,13,21,4X
"Tue, Jun 22, 2010",23,21,17,12,30,24,4X
"Fri, Jun 18, 2010",55,37,36,41,11,7,4X
"Tue, Jun 15, 2010",21,12,13,4,27,46,4X
"Fri, Jun 11, 2010",33,42,6,34,13,25,3X
"Tue, Jun 08, 2010",48,12,54,28,18,6,3X
"Fri, Jun 04, 2010",17,50,12,15,13,23,4X
"Tue, Jun 01, 2010",12,27,51,44,45,30,2X
"Fri, May 28, 2010",29,20,39,3,11,26,4X
"Tue, May 25, 2010",14,24,5,19,17,25,4X
"Fri, May 21, 2010",30,23,15,20,26,17,3X
"Tue, May 18, 2010",11,37,13,40,19,26,4X
"Fri, May 14, 2010",47,21,56,40,20,12,4X
"Tue, May 11, 2010",26,54,43,33,46,9,4X
"Fri, May 07, 2010",7,50,2,20,34,40,3X
"Tue, May 04, 2010",21,9,36,43,31,8,3X
"Fri, Apr 30, 2010",41,14,20,47,53,40,4X
"Tue, Apr 27, 2010",50,41,37,23,55,6,2X
"Fri, Apr 23, 2010",52,26,28,37,19,18,4X
"Tue, Apr 20, 2010",10,34,8,5,42,25,4X
"Fri, Apr 16, 2010",48,50,10,31,16,44,3X
"Tue, Apr 13, 2010",47,39,12,3,27,32,4X
"Fri, Apr 09, 2010",39,15,18,48,53,3,4X
"Tue, Apr 06, 2010",52,43,16,44,56,26,4X
"Fri, Apr 02, 2010",22,2,30,31,17,19,4X
"Tue, Mar 30, 2010",11,24,44,38,1,41,3X
"Fri, Mar 26, 2010",47,46,23,52,41,22,4X
"Tue, Mar 23, 2010",3,25,40,29,28,13,4X
"Fri, Mar 19, 2010",50,31,10,45,54,25,4X
"Tue, Mar 16, 2010",48,22,56,52,3,13,4X
"Fri, Mar 12, 2010",53,2,48,25,15,41,3X
"Tue, Mar 09, 2010",18,19,16,29,14,16,2X
"Fri, Mar 05, 2010",11,34,44,31,52,32,4X
"Tue, Mar 02, 2010",48,47,9,12,56,25,3X
"Fri, Feb 26, 2010",54,56,14,4,29,40,3X
"Tue, Feb 23, 2010",40,4,16,53,36,18,4X
"Fri, Feb 19, 2010",42,46,39,1,22,36,4X
"Tue, Feb 16, 2010",45,12,21,29,11,5,3X
"Fri, Feb 12, 2010",17,47,16,14,33,23,4X
"Tue, Feb 09, 2010",48,17,26,2,20,12,4X
"Fri, Feb 05, 2010",10,53,20,51,45,41,4X
"Tue, Feb 02, 2010",6,49,7,27,26,9,4X
